id,name,price,name,added_on_date
13,pens,10,stationary,2019-08-01
4,shoes,1000,footwears,2019-07-07
8,"toy cycle",1400,"kids toys",2019-07-01
10,suit,600,"clothing women",2019-05-01
3,heels,700,footwears,2019-05-01
7,"toy laptop",1200,"kids toys",2019-01-30
2,headphones,1600,electronics,2019-01-23
9,tshirt,500,"clothing men",2019-01-21
11,bags,1000,stationary,2018-12-05
12,notpads,50,stationary,2018-12-01
5,"mobile cover",1200,footwears,2018-11-20
1,earphones,1500,electronics,2018-01-01
