name,price,description
bags,1000,"american tourister"
notpads,50,"shree notepads"
pens,10,"use and throw"
marker,20,"red glass marker"
earphones,1500,"jbl earphones"
headphones,1600,"bose headphones"
heels,700,"black heels"
shoes,1000,"adidas shoes"
"mobile cover",1200,"mi anti shock mobile cover"
tshirt,500,"roadster tshirt"
suit,600,"manyavar suit"
watch,3000,"fossils watch"
"toy laptop",1200,"kids toy laptop"
"toy cycle",1400,"kids 4 wheels cycle"
